,Bias_Mean,Bias_Std,RMSE_Mean,N_Days
Winter,-0.7802719843935736,1.196476495960654,1.915276090131289,91740.0
Spring,-1.3944667432603581,1.2516982182190246,2.068525491162309,96140.0
Summer,-1.6885751787005077,1.3272458150725055,2.2104965899326356,100207.0
Fall,-1.0049175238627135,1.1392517054193987,1.8104602626734627,96862.0
