City,N_Pixels,Mean_Discrepancy,RMSE,Max_Discrepancy,Correlation_Sat_Ground,Correlation_Discrepancy_NDVI
Paris,3000,0.2718229283009927,0.28382622783168093,0.4815661212590747,0.956585203054836,-1.0
Roma,7119,0.25902514263916815,0.2748258855497666,0.6170507115641932,0.9971275245839709,-0.9999999999999999
Nantes,3000,0.24728168419464994,0.25348832853466524,0.4567579734982452,0.9770386346461231,-1.0
Perugia,5600,0.23034683829887914,0.25609944905553167,0.7092637189729949,0.9915858100475361,-1.0
